{
  "users": [
    {
      "id": "2e86",
      "Name": "amala",
      "Pass": "123",
      "Email": "amala@gmail.com"
    },
    {
      "id": "76c2",
      "Name": "vasanthi",
      "Pass": "123",
      "Email": "vasanthi@gmail.com"
    },
    {
      "id": "0643",
      "Name": "a",
      "Pass": "abc",
      "Email": "a@gmail.com"
    },
    {
      "id": "804d",
      "Name": "prakash",
      "Pass": "prakash",
      "Email": "prakash@gmail.com"
    },
    {
      "id": "5041",
      "Name": "anu",
      "Pass": "anu123",
      "Email": "anu@gmail.com"
    },
    {
      "id": "7236",
      "Name": "sharan",
      "Pass": "sha123",
      "Email": "sharan@gmail.com"
    }
  ],
  "items": [
    {
      "id": "3437",
      "title": "Silicon Power 256GB SSD 3D NAND A55 SLC Cache Performance Boost SATA III 2.5",
      "price": 109,
      "description": "3D NAND flash are applied to deliver high transfer speeds Remarkable transfer speeds that enable faster bootup and improved overall system performance. The advanced SLC Cache Technology allows performance boost and longer lifespan 7mm slim design suitable for Ultrabooks and Ultra-slim notebooks. Supports TRIM command, Garbage Collection technology, RAID, and ECC (Error Checking & Correction) to provide the optimized performance and enhanced reliability.",
      "category": "electronics",
      "image": "https://fakestoreapi.com/img/71kWymZ+c+L._AC_SX679_.jpg",
      "rating": {
        "rate": 4.8,
        "count": 319
      }
    },
    {
      "id": "b6c9",
      "title": "Mens Cotton Jacket",
      "price": 55.99,
      "description": "great outerwear jackets for Spring/Autumn/Winter, suitable for many occasions, such as working, hiking, camping, mountain/rock climbing, cycling, traveling or other outdoors. Good gift choice for you or your family member. A warm hearted love to Father, husband or son in this thanksgiving or Christmas Day.",
      "category": "men's clothing",
      "image": "https://fakestoreapi.com/img/71li-ujtlUL._AC_UX679_.jpg",
      "rating": {
        "rate": 4.7,
        "count": 500
      }
    }
  ]
}